<?xml version="1.0" encoding="UTF-8"?>
<project-private xmlns="http://www.netbeans.org/ns/project-private/1">
    <editor-bookmarks xmlns="http://www.netbeans.org/ns/editor-bookmarks/2" lastBookmarkId="0"/>
    <open-files xmlns="http://www.netbeans.org/ns/projectui-open-files/2">
        <group>
            <file>file:/C:/Users/ralva/OneDrive/Documents/NetBeansProjects/COP3337%20Assignment%201/src/testMain.java</file>
            <file>file:/C:/Users/ralva/OneDrive/Documents/NetBeansProjects/COP3337%20Assignment%201/src/Address.java</file>
            <file>file:/C:/Users/ralva/OneDrive/Documents/NetBeansProjects/COP3337%20Assignment%201/src/Product.java</file>
            <file>file:/C:/Users/ralva/OneDrive/Documents/NetBeansProjects/COP3337%20Assignment%201/src/Database.java</file>
            <file>file:/C:/Users/ralva/OneDrive/Documents/NetBeansProjects/COP3337%20Assignment%201/src/Manufacturer.java</file>
        </group>
    </open-files>
</project-private>
